{
    "width": 15,
    "height": 14,
    "scale": 50,
    "start": [0,7,0],
    "layout": [
        ["O", "O", "O", "O", "O", "O", "O", "O", "O", "O", "O", "O", "O", "O", "O"],
        ["O", ".", ".", ".", ".", "O", ".", ".", ".", "O", ".", ".", ".", ".", "O"],
        ["O", ".", "D", ".", ".", "O", ".", ".", ".", "O", ".", ".", ".", ".", "O"],
        ["O", ".", ".", ".", ".", "O", ".", "L", ".", "O", ".", ".", ".", ".", "O"],
        ["O", "O", ".", ".", "O", "O", ".", ".", ".", "O", "O", ".", ".", "O", "O"],
        [".", ".", ".", ".", ".", ".", ".", ".", ".", ".", ".", ".", ".", ".", "O"],
        [".", ".", ".", ".", ".", ".", ".", ".", ".", ".", ".", ".", ".", ".", "O"],
        [".", ".", ".", ".", ".", ".", ".", ".", ".", ".", ".", ".", ".", ".", "O"],
        [".", ".", ".", ".", ".", ".", ".", ".", ".", ".", ".", ".", ".", ".", "O"],
        ["O", "O", ".", ".", "O", "O", ".", ".", ".", "O", "O", ".", ".", "O", "O"],
        ["O", ".", ".", ".", ".", "O", ".", "R", ".", "O", ".", ".", ".", ".", "O"],
        ["O", ".", "U", ".", ".", "O", ".", ".", ".", "O", ".", "U", ".", ".", "O"],
        ["O", ".", ".", ".", ".", "O", ".", ".", ".", "O", ".", ".", ".", ".", "O"],
        ["O", "O", "O", "O", "O", "O", "O", "O", "O", "O", "O", "O", "O", "O", "O"]
    ]
}