{
    "width": 16,
    "height": 13,
    "scale": 50,
    "start": [0,4,0],
    "layout": [
        ["O", "O", "O", "O", "O", "O", "O", "O", "O", "O", "O", "O", "O", "O", "O", "O"],
        ["O", ".", ".", ".", ".", ".", ".", ".", ".", ".", ".", ".", ".", ".", ".", "O"],
        ["O", ".", ".", ".", ".", ".", "L", ".", ".", ".", "R", ".", ".", ".", ".", "O"],
        [".", ".", ".", ".", ".", ".", ".", ".", ".", ".", ".", ".", ".", ".", ".", "O"],
        [".", ".", ".", "O", ".", ".", ".", "O", ".", ".", ".", "O", ".", ".", ".", "O"],
        [".", ".", ".", "O", ".", ".", ".", "O", ".", ".", ".", "O", ".", ".", ".", "O"],
        ["O", ".", ".", "O", ".", ".", ".", "O", ".", ".", ".", "O", ".", "D", ".", "O"],
        ["O", ".", ".", "O", ".", ".", ".", "O", ".", ".", ".", "O", ".", ".", ".", "O"],
        ["O", ".", ".", "O", ".", ".", ".", "O", ".", ".", ".", "O", ".", ".", ".", "O"],
        ["O", ".", ".", ".", ".", ".", ".", ".", ".", ".", ".", ".", ".", ".", ".", "O"],
        ["O", ".", "U", ".", ".", ".", ".", ".", "R", ".", ".", ".", ".", ".", ".", "O"],
        ["O", ".", ".", ".", ".", ".", ".", ".", ".", ".", ".", ".", ".", ".", ".", "O"],
        ["O", "O", "O", "O", "O", "O", "O", "O", "O", "O", "O", "O", "O", "O", "O", "O"]
    ]
}

